{
  "schemaVersion": 2,
  "sport": "nba",
  "runAt": "2026-04-07T12:17:38.503Z",
  "trainCutoffSeason": 2023,
  "iterations": [
    {
      "iterationId": "v0",
      "version": "0",
      "description": "Baseline: always pick home team",
      "train": {
        "sampleSize": 1319,
        "brier": 0.45261561789234267,
        "brierCI95": [
          0.4268385140257771,
          0.4806671721000758
        ],
        "accuracy": 0.5473843821076573,
        "accuracyCI95": [
          0.5216072782410918,
          0.5754359363153905
        ],
        "homeWinRate": 0.5473843821076573
      },
      "test": {
        "sampleSize": 2500,
        "brier": 0.4528,
        "brierCI95": [
          0.4312,
          0.4716
        ],
        "accuracy": 0.5472,
        "accuracyCI95": [
          0.5276,
          0.5664
        ],
        "homeWinRate": 0.5472
      }
    },
    {
      "iterationId": "v1",
      "version": "1",
      "description": "Home unless visitor has 10+ more wins in season",
      "train": {
        "sampleSize": 1319,
        "brier": 0.36584533737679875,
        "brierCI95": [
          0.340606520090977,
          0.3898786959818032
        ],
        "accuracy": 0.6269901440485216,
        "accuracyCI95": [
          0.6034874905231236,
          0.6512509476876421
        ],
        "homeWinRate": 0.5473843821076573
      },
      "test": {
        "sampleSize": 2500,
        "brier": 0.3227400000000023,
        "brierCI95": [
          0.3067640000000019,
          0.3395200000000024
        ],
        "accuracy": 0.6124,
        "accuracyCI95": [
          0.5936,
          0.6312
        ],
        "homeWinRate": 0.5472
      },
      "deltaVsPrevious": {
        "brier": -0.13005999999999768,
        "accuracy": 0.06520000000000004
      }
    },
    {
      "iterationId": "v2",
      "version": "2",
      "description": "v1 + flip when visitor point differential is 3+ higher",
      "train": {
        "sampleSize": 1319,
        "brier": 0.23869651250948043,
        "brierCI95": [
          0.22897573919636321,
          0.2488983320697532
        ],
        "accuracy": 0.6459438968915845,
        "accuracyCI95": [
          0.6194086429112965,
          0.6709628506444276
        ],
        "homeWinRate": 0.5473843821076573
      },
      "test": {
        "sampleSize": 2500,
        "brier": 0.24860740000000336,
        "brierCI95": [
          0.24214564000000377,
          0.25544152000000386
        ],
        "accuracy": 0.6136,
        "accuracyCI95": [
          0.5956,
          0.6332
        ],
        "homeWinRate": 0.5472
      },
      "deltaVsPrevious": {
        "brier": -0.07413259999999894,
        "accuracy": 0.0011999999999999789
      }
    },
    {
      "iterationId": "v3",
      "version": "3",
      "description": "v2 + penalize home team on 3+ game losing streak",
      "train": {
        "sampleSize": 1319,
        "brier": 0.24209075056861518,
        "brierCI95": [
          0.23193214556482325,
          0.2520956785443543
        ],
        "accuracy": 0.6444275966641395,
        "accuracyCI95": [
          0.6194086429112965,
          0.6717210007581501
        ],
        "homeWinRate": 0.5473843821076573
      },
      "test": {
        "sampleSize": 2500,
        "brier": 0.2507804000000021,
        "brierCI95": [
          0.2437588800000021,
          0.2581904800000013
        ],
        "accuracy": 0.618,
        "accuracyCI95": [
          0.6008,
          0.6368
        ],
        "homeWinRate": 0.5472
      },
      "deltaVsPrevious": {
        "brier": 0.0021729999999987593,
        "accuracy": 0.0043999999999999595
      }
    }
  ],
  "vegas": {
    "schemaVersion": 2,
    "sport": "nba",
    "sampleSize": 3,
    "significanceThreshold": 500,
    "preliminary": true,
    "vegas": {
      "accuracy": 0.6666666666666666,
      "accuracyCI95": [
        0,
        1
      ],
      "brier": 0.1286872930525881,
      "brierCI95": [
        0.06237998082461537,
        0.2544721832580172
      ]
    },
    "v2": null,
    "note": "PRELIMINARY: n=3, well below significance threshold of 500. Treat as instrumentation, not verdict. Revisit when n >= 500."
  },
  "summary": {
    "bestIteration": "v2",
    "baselineBrier": 0.4528,
    "bestBrier": 0.24860740000000336,
    "improvement": 0.20419259999999662,
    "beatBaseline": true,
    "significanceNote": "Bootstrap CIs do not overlap — improvement is statistically significant"
  }
}